userId,userName
0,杂志狂人
1,maomaowinds
2,凤凰花开的路口但看岁月静好
3,xrkn8915
4,missmissjenny
5,彼岸之澄
6,wzdk2243
7,娇妈亲子时光
8,hiyouyou
9,rochers
10,寒江孤影1965
11,热爱旅游的女汉子
12,卢湾乐乐
13,in老板殷倩
14,璐璐呆呆傻
15,zrof7143
16,惠及八方
17,汐月汐
18,林爱念念
19,落榜进士
20,Gjamxmm
21,Ge雯雯
22,gtgt339
23,junbao0629
24,ahij7659
25,然然爱旅行
26,VVic-Vic
27,咕噜咕噜冷兔子
28,沈小娴
29,Qunar攻略小骆驼
30,品品813
31,大爱薇薇428
32,池也错
33,莫妍然
34,rukoubingtang
35,亲爱的未央
36,与鹿逐秋
37,M33****5291
38,tiramisu1130
39,M39****5590
40,M40****419
41,leslie1956912
42,136****7162
43,susuone_cn
44,橘子_利兹
45,_WeCh****254991
46,心情好好的毛怪
47,Ashiliumeiwu
48,咖啡渣
49,105****083
50,爱睡觉的猪01
51,窝窝
52,小小爽1
53,绝尘无惑
54,绿带小米
55,马中吕布
56,139****6813
57,渭南松赞干布
58,环游世界的黛小姐
59,伊來
60,花仙子
61,YY0329
62,无目的闲逛
63,老王1954
64,carolfeng
65,龟龟0901
66,猜猜我在哪里
67,波妞妹妹Ponyo
68,野野猫猫
69,我想遇到你
70,fly_me_to_the_moon
71,Jjp金
72,Todyao
73,十伐之木
74,风孟
75,买牛奶的猪
76,天天快乐02008
77,趴在墙头
78,旅行会长
79,pangdonggua
80,L旅行的意义
81,不如没有好
82,pddyj
83,M35****3387
84,renms
85,M39****5105
86,小小绿带爆米花
87,selma1982
88,e11****38
89,世界那么大
90,姜如意
91,帅小伙
92,糯米团MM
93,彩色栀子
94,lisha-160310
95,我爱一个人的旅游
96,俐-
97,游侠半仙
98,M22****3363
99,cparissh
100,妮妮maki
101,whoisangel
102,天生哥
103,一只小戆度
104,66****692
105,goodgu
106,M48****317
107,Jenny龟
108,张小丸-zy
109,M49****629
110,hahagaotie
111,吧唧一口甜mm
112,殷姨
113,117****579
114,紫色天的双鱼座
115,汤姆猫大王
116,谁解助茶香
117,熊小贱是喵星人
118,M42****420
119,WCD1810
120,我挺漂亮
121,carina骐骐
122,风吟雪舞^_^
123,HZYTB
124,yelling_999
125,tangjian0922
126,monica-qi
127,黯然-终极神伤
128,东游_西逛
129,小民2011
130,大鼠小龙小小马
131,小小指
132,人在江湖008
133,_WeCh****680080
134,青山大人
135,Gio莫雷诺
136,紅氿
137,172846899
138,286****654
139,浩浩然;-)
140,M31****6452
141,Joe_Mmmmmm
142,杰杰陶TAO
143,第一次微笑
144,河糖月色
145,天天溜
146,走南闯北
147,江湖一秀才
148,baozoushenlong
149,小小BABO
150,马小样的後花圜
151,ogjw3844
152,不如做个大叔好
153,王卫科
154,追赶时光的蜗牛
155,Gram
156,首席监理
157,山野幽居
158,黑黑的苏先生
159,949558341
160,可樂窦
161,dudnddd
162,蓝色的郁金香88
163,winsonwoo
164,祁连红柳
165,iveleeqq
166,孟小花_meng
167,垚小垚
168,ylhr8847
169,zgxfd
170,淘气布丁sophia
171,离不开天空的云
172,CLDHY转角的爱
173,罗拉小胖
174,浚佚战神
175,雨停晴空
176,千山任我行
177,SFC申花魂
178,zhangfeifei
179,简爱小战
180,冰之炙点
181,哆啦A琪Alvin
182,yoyolove777888
183,IoriF
184,天之彼方21
185,就是不高兴16
186,驴喵行
187,健康美丽的芳芳
188,囧囧有神5685
189,花洋甜心
190,zixunshi99
191,有诗有酒
192,桃桃淘丽丝
193,卢湾申花魂
194,gz当地向导伊妹儿
195,Nashiwo
196,sushi0451
197,哈利波特03
198,Ivan
199,闲来有趣
200,1食肉兔纸73
201,catDoraemon
202,工匠
203,maggie任
204,Mike达
205,事事随缘
206,广州丁满
207,tt梦幻小妖
208,hua****4483
209,小Y同学
210,CD云上
211,酒仙老周
212,默默的辛德瑞拉
213,周游列国
214,daodaoquna
215,打破了油
216,乐哉路上
217,yysweet
218,Miss Lexus
219,吃喝玩乐好开心
220,王可爱超可爱
221,享受生活2013
222,army wenwen
223,小小小鱼儿Ooo
224,richardsongy
225,M16****872
226,攒钱出去浪
227,阿尔布斯肖恩
228,常春藤QUEEN
229,elsashen0529
230,泉水家的小玉
231,惜小妞
232,嫌蛋蛋
233,haorenmoumou
234,lyathrun
235,gegeshibaozi
236,磨人的小胖妞
237,冉那库拉大司马
238,被祝福的梦想
239,焕焕
240,O人生博弈O
241,携妻儿走遍天下
242,__路在脚下__
243,wuliu77
244,小马恒恒
245,兰馨兰馨
246,bbyogazhi
247,M35****090
248,阿双双君
249,蛙儿子
250,我就是皮
251,_WeCh****42455
252,khcc
253,我是夜王
254,秀峰翠谷
255,小白_1912
256,携程旅行顾问欧阳安
257,芦苇系联盟LH
258,小蝎子lu
259,love--yoyo
260,福_福福福
261,hj****70
262,耶路撒冷的牛牛
263,YANGBOSAN
264,ql3041
265,LILIXIA
266,ColinP
267,老唐老爷
268,M43****364
269,语溪
270,反假斗士
271,孑萱
272,Tiffanygong
273,jiab4606
274,开拖拉机De王大壮
275,ajpprincess
276,Oreo123
277,april8917
278,Shuying
279,whatever
280,玫瑰001
281,雍容makiori
282,冰蚕独家
283,杨坤
284,winnie薛
285,wangjingpei
286,佛爷驾到
287,八盅
288,YOLO范小范儿
289,green0401
290,小懒佩
291,jimoshuaige
292,诗意情节
293,小太阳525
294,yamachin
295,Just_do_it
296,GrandLine
297,环球旅行步步行
298,qunar_wsygbin
299,kgap3342
300,庞尼西
301,Barbara-Hu
302,夏羽天晴
303,风行天下01
304,过期少女郭小九9
305,Tacilialeung
306,qpyq3558
307,奶油冰棍的快乐生活
308,渊玉
309,logica0209
310,M35****011
311,携程旅行顾问残血容颜
312,薛不凡lll
313,uulx6211
314,xhbe5717
315,音符-存在吧
316,阿军崽
317,殷司令
318,Karen-LinLin
319,Dale_杜颖
320,甜蜜的糖果果
321,xm_leung
322,下页小浩
323,不爱豆角
324,Helen的旅行手记
325,Bevis_traveling
326,l1nhai
327,Daisy喵先森
328,bob_zhouwei
329,a253534130
330,Even
331,小肥颖儿
332,娴情雅致
333,随心飘飞
334,逍遥龙
335,gsiw3047
336,TheCatCam
337,陈六月June
338,温-暖
339,姚小白少校
340,wincyhu
341,小太阳李英伟
342,Follow-we
343,huangbobl
344,koenig-sy
345,tj周详
346,amy旅者在路上
347,obef1227
348,怪我____过分美丽
349,lalsdfgh
350,背包-去旅行
351,秦丶小兜
352,彪標
353,随缘珍惜
354,卓乐翔
355,skydanni
356,MOKAER
357,滚妞美妈
358,蛮蛮JR
359,nirvana_yily
360,onwq3844
361,jast5924
362,勇气SG
363,果酱女王
364,yhdk2336
365,HugAzulonfire
366,梦未止梦
367,8516余温
368,_CFT01****6350087
369,那个Ta
370,denis小朋友
371,蛋挞悦公主驾到
372,Uncle-Leiss
373,xixi想跑掉
374,maomao哥
375,村菇奈酱
376,耕耘梦想-ZSB
377,hylx1234
378,coffee33
379,Whats-up
380,独自旅行的helen
381,在转角相互微笑
382,飞小熊
383,加又
384,翼云kiki
385,river2014大河
386,zhouyy53
387,渔燃千里
388,七月木木
389,Goo兰兰
390,情调-士
391,salome梓莹
392,三心心
393,刘小明2012
394,amydog
395,Leelilas
396,we****xu
397,BetTerDAY
398,雪3飞who
399,mjywzw
400,tkkp8833
401,ny152izzie
402,蕙质兰心蕙质兰心
403,M37****1777
404,一言不合去旅行
405,_june.6
406,琛心琛意
407,狸狸喵喵
408,203****096
409,7racymoon
410,静静的海洋19840910
411,貓貓達
412,Smilingsnail
413,孟小岳
414,浪漫飞行
415,谁用我的昵称了
416,普朗莱乌特乾隆
417,雾蒙蒙雨飞飞
418,320****526
419,噼里啪啦
420,E31****4674
421,蓝海清风1号
422,晃晃悠悠的佬儿
423,挪威森林北辰星
424,任我飞cj
425,coco-yuannn
426,亮亮
427,乐乐嘻嘻哈哈
428,米昵米昵米昵
429,过完明天就幸福
430,ccpp
431,帅到被狗咬
432,_WeCh****046796
433,我就是传说
434,-水晶罐头-
435,jamais糊糊
436,牛牛jack
437,Princesstt
438,小清新kira酱
439,L-Y-N
440,吕哒哒
441,乐享游山玩水
442,陈叶向雅地
443,筱风姿
444,My_Theking
445,lily
446,小狐666
447,小麦的世界
448,juki235
449,qmxc
450,_CFT01****3771955
451,hfxx7368
452,铭越lee
453,cxqcindy
454,福尔巴克伊莲恩
455,文文玫瑰
456,格格巴
457,翱翔的大鲨鱼
458,甜心心甜
459,LZH享受人生
460,Flying Cloud
461,139****4903
462,junqiao520
463,Cinderella Princess
464,wangdn
465,smm_明明
466,JX小星星
467,Eternal732
468,噼里啪啦噼里啪啦
469,提琴G大调
470,aijun000
471,Tom Hung
472,世界那么大可我只想走…
473,独自旅行
474,玲达
475,xphu0212
476,乐天派小天
477,xoso3704
478,睡火山子
479,Yasir_Anlin
480,多姐小桃Doris
481,xierita
482,一抹秋日暖阳CC
483,悠悠我心潇洒人生
484,M19****526
485,137****7457
486,秋雨君
487,绿茶慕司
488,我的宝贝小胖子
489,fpcx4426
490,莱昂纳德艾吉奥
491,ro****rs
492,Vava菟
493,追风少年369
494,swcl1113
495,LaoTong
496,慈祥素素
497,鑫鑫star
498,嗯额嗯
499,想环游世界的绿皮车
500,M12****168
501,吃货小左右
502,Hayley希
503,Sunweni
504,傲气小女人88
505,徐团
506,nwmt3648
507,jaik5084
508,吾徐
509,墨夜迷城
510,tbxn2534
511,小糯米de妈妈
512,黑白猫咪_qunar
513,夏商宜
514,l0611
515,周杨fly
516,Camera君
517,jingzh66
518,xiechengmiao
519,M24****177
520,笃悠悠的鱼
521,ochb8313
522,157****2551
523,tvnv7306
524,饭饭饭遇影
525,bm****04
526,owux6812
527,649214707
528,呸呸白相相
529,我要游遍天下各个角落
530,M30****146
531,sftz6341
532,安icon
533,终黎梦
534,oops
535,ziska招招
536,蔡琨_cK
537,zoe走天下
538,马勒伊李由
539,麦芒_
540,evonne0616
541,玩美噩梦
542,色影姐
543,蓝蓝蓝蓝蓝天
544,noelcikie
545,安暖橙
546,充满斗志的小兔子
547,Richard
548,xintian111
549,tuzo8640
550,Hello饼先生
551,日葵
552,jackto
553,shinestone
554,糊糊Qianr
555,Running-Ming
556,ZOE爷
557,小屁孩闯天下
558,窝窝volia
559,铁木儿爸爸
560,HereAnnieLi
561,快乐时光
562,红粉巫婆
563,Jennifer-Young
564,媛媛
565,小野狼
566,owenfun
567,小卢澄子
568,牛牛同学
569,zxt-zhr
570,听见海哭的声音
571,二月兰开花花
572,彪标
573,M11****324
574,M21****585
575,小小言西早
576,瓜瓜爱旅行
577,mayyoung
578,游向蓝天的鱼
579,je****nui
580,DanGo酱
581,bchv9843
582,wcyd5213
583,只喝可乐的猫
584,小蜜蜂蜂蜂
585,Mattzhai2014
586,攒钱游
587,peachsai
588,草之露
589,Michelle伊伊
590,野兽and帅哥
591,Gifty凡小一
592,nicholecai
593,xyj700527
594,老老花生
595,cdc880
596,MooooooraZ
597,paowuxian_liu
598,莎莎爱旅行
599,ZengZhiGang
600,博阳的北部湾
601,金111
602,fanfanli
603,锦瑟_83
604,631****382
605,非你不渴
606,88top
607,懒得改名的琪哥
608,320****464
609,netcat
610,M45****001
611,lwei16
612,张大笑
613,Ryan816
614,风雨兼程A1
615,树懒的旅途
616,M32****5678
617,to****128
618,路乔有俩
619,暴走吧情天
620,288****130
621,蔗糖66
622,小舍儿
623,crystalywh09
624,Karen晓喵
625,我要吃豆沙包
626,lee_jack
627,三晋龙少
628,菜菜的后花园
629,樱木花花道
630,审视自己
631,M55****108
632,元宝小大王
633,AURURA木木
634,Ivan-feng
635,慢慢行走的小讨气
636,知末末
637,96****268
638,sh****8
639,ljq00001
640,_ceair****74837
641,悠然林
642,mi****602
643,ysbg0136
644,DJDQ
645,远方的风景
646,skycastle9686
647,哈喽你在干嘛
648,xiangshu
649,M27****9122
650,M29****103
651,魔女三号babykikilee
652,Daisymila
653,K-COCK
654,亲亲宝贝1234
655,游侠塞伯坦
656,mike1010
657,真诚7577
658,XL-Queen
659,行到水穷处
660,名人画家
661,牛牛魔王88
662,151****9407
663,黄小囡Mila
664,cc350
665,tonijia2004
666,魔法小狗
667,richard-lq
668,_ceai****9924
669,崽哥宅舞
670,周游世界I
671,魅力安吉拉
672,hyphome
673,不胖的胖妹妹
674,wind3757
675,风悦吴边
676,94664934962464
677,M23****1364
678,百合1203
679,一口一只大鸭梨
680,Mr_Chan陳先生
681,M49****619
682,可爱的可达鸭
683,快乐幸福生活啊
684,粉彩蕨Soso
685,XY_Shirley
686,138****3650
687,M26****6444
688,恰似您的温柔
689,flyingmaple
690,san****962
691,133****3569
692,碉堡的老九吖
693,Billy梦
694,潇洒哥天涯海角
695,我一直再奔跑
696,雨疏风骤闲庭看
697,M25****497
698,玉舞驚鴻
699,Charles667799
700,西门吹水1
701,u海上飘雪
702,伊尔库茨克
703,fing****ntmxy
704,紫绡fly
705,Newflyyy
706,jixiang2014
707,_gf622****989353
708,马马乎乎168
709,aa-hu
710,M622448139
711,135****1041
712,本杰明
713,Jessewonderland2013
714,风华如故
715,眯眯眼J
716,vprw2441
717,pxbshhfd
718,冰恋琪缘
719,_WeCh****198792
720,水之柔美不争
721,IvanFC
722,宣达
723,听足音
724,好好
725,赫斯缇Hestia
726,纳舒厄汤
727,M29****0259
728,眼中的美
729,zi****pa
730,110****323
731,依依
732,上海州长
733,M24****453
734,祥和美
735,轻快的行走脚步
736,飞飞飞2000
737,chenaoao520
738,godknows
739,lilysuun
740,诺伊豪森王仙芝
741,Smad
742,陶姐淘世界
743,288****025
744,阿里巴第二代
745,qxhb7062
746,琴家小筑
747,M44****046
748,芸芸妈妈Vivi
749,洞庭春秋
750,M15****577
751,徐霞客之旅
752,哈哈哇
753,定北大将军
754,很嗨的微笑明明
755,恩乐双侠
756,M32****1108
757,伦敦小王子
758,我的黑郁金香
759,MICKEY-MONKEY
760,M28****4162
761,yun0630
762,M29****5789
763,素素77
764,深圳九哥
765,大中华儿女
766,台球流氓
767,V蓝天白云
768,天鹅湖的青蛙
769,震妈
770,princemyme
771,qqac123
772,Zoe赵梨汁
773,青春河边巢
774,SS62L
775,fcy911
776,秋趣
777,系统错误提示
778,M22****5222
779,飞扬的胖大海
780,燃烧生命的小胖妞
781,黄大小姐
782,ma****ly
783,自由three
784,_CFT01****9245969
785,110****071
786,rskd4193
787,jiang姜j
788,鼎天立地
789,M18****282
790,樱空释马天宇
791,110****425
792,Andre Li
793,M92****64
794,帅帅的我会发光
795,c-z
796,小壮壮老师
797,楚先生呢
798,枝茂叶繁
799,辰宁在心
800,蛋花源记
801,sangsang0408
802,内地游客
803,tigerie
804,112477098
805,whs197803
806,兰夏的果实
807,熊宝megan
808,e****o
809,大老鼠格蕾丝
810,史黛拉拉
811,Clarexyf
812,扬州市张小林
813,133****4895
814,233****046
815,老老倪
816,兴趣昂然
817,chrisbobo
818,zhengyy55
819,288****175
820,luoxing9815
821,行善为乐
822,M48****413
823,xin206
824,hulixiaoyan
825,qunar_alvinmoon
826,royal_tian01
827,q18259898531
828,tyyz0806
829,M21****883
830,海边闲人V
831,summerpalace2008
832,自由飞翔的老鹰
833,XXX-Trip
834,01****573
835,立囧君
836,落花随流水
837,透彻
838,驼妞
839,三比索
840,edy
841,大步跑开口笑
842,梦游天下
843,Cecil
844,q18759800842
845,yoga1230
846,recoba_yun
847,288****792
848,qunar_fishlv
849,JammieL
850,liy****g60
851,_WeCh****08233
852,forgettime
853,fy****234
854,贪方便上网订
855,绝弦无殇
856,小小艾娃
857,hi绿野仙踪
858,ssdiablo
859,limitli
860,baiyang222
861,liouxu
862,大手牵着小手
863,JassyC
864,悠悠游游哈
865,chongdonglaike
866,Iven37
867,凤凰涅槃
868,怀揣全书
869,rxvl3640
870,Silvia-wx
871,酉酉嘛
872,暖暖洋洋
873,66****267
874,泰勒
875,Stefanie张小雅
876,_WeCh****28477
877,kevinstar
878,随心飘飞2010
879,天使懒
880,Bamboo34
881,超级玛莉宝
882,喜欢旅游的小飞侠
883,lisza
884,大医生救命啊
885,yaoyao71
886,lmjazzman
887,迈克尔杰克逊
888,ahaqzf
889,cel****03
890,118****196
891,陈凯莉
892,小语
893,湛蓝的海
894,hw9586
895,qunar_jassy1743
896,上海大雄
897,Amanda
898,蒸蛋111
899,龙-羽知
900,悠然上路
901,小毛孩儿
902,66****257
903,开心土豆王
904,小队长1907
905,情调士
906,芒果汁2
907,秋趣-
908,huanhuanwenwen0628
909,13BB13
910,桃木舒
911,杨毅老师
912,朝霞浮萍
913,139****0660
914,南北核桃
915,yasso群
916,一杯遗憾
917,vivilxl
918,A俊lex
919,月儿cici
920,露茜姐姐
921,阿菲肉嘟嘟
922,眼前的远方
923,大胡子的刘大胡子
924,子弹之痕迹
925,忧郁的葱子
926,Toilet
927,nadasa12
928,补刀补刀刀刀
929,lyd****ong
930,Miasmile
931,xx1113
932,浮年锦记
933,Fashion-Lily
934,孫青霞Harold
935,悠游girl
936,飞鸟LOVE鱼
937,eoie5701
938,冰蓝0911
939,小水果
940,一壶铁观音一壶龙井
941,老人家
942,朱迪迪迪
943,huochexia
944,nectarmoon
945,是老张啊
946,haruxu
947,面粉宝宝
948,浠曦
949,VLC-闺蜜旅行日记
950,Im_Volcano
951,czjo8990
952,爱旅行的胡大宝
953,慢游时光
954,floyd999999
955,钦差小四
956,平平
957,WillSum
958,姚姝
959,grace
960,ive****ll
961,gfis2484
962,caicaiw
963,_WeCh****670011
964,M26****3822
965,110****435
966,pig-01
967,_WB2****1346
968,知周万物
969,zxmytr
970,M28****952
971,artistfx1118
972,M44****435
973,大足熊猫
974,M27****149
975,233****936
976,M10****385
977,tdmmbaw
978,_WeCh****05306
979,tracy525
980,Lukas0630
981,Henry9645
982,奇么
983,红色的人
984,lingqian1973
985,_WeCh****86761
986,yangy****0608
987,miyake-ken
988,ch****i
989,M31****5725
990,山元町周培公
991,希茜公主在线
992,忘穿裤头的superman
993,小小车
994,139****3785
995,M48****681
996,adgjl159
997,且哈
998,za****y
999,M14****756
1000,埃萨1号
1001,丐帮的长老
1002,czhyht2008
1003,Lisa呀呀呀
1004,明教杨令
1005,M22****3348
1006,M23****7126
1007,M16****165
1008,JimmyLuMR
1009,嘻游太子
1010,竹里清风
1011,shhehehe
1012,xujin1223
1013,110****239
1014,小米粒33
1015,206****081
1016,hifigao
1017,赖皮小鸡蛋
1018,q****ky
1019,qingqing11
1020,_WeCh****84863
1021,138****4983
1022,shelly_lea
1023,火欲心蓝
1024,M42****376
1025,兜兜93
1026,M51****113
1027,阳光般的希望
1028,Mira
1029,ChristinaKuo
1030,m33****38
1031,梦旅人小嘿
1032,维克多一只耳
1033,Priya
1034,佳莹220
1035,挥袖如风
1036,超凡188
1037,吴豆豆wjp
1038,茉莉花陆陆
1039,138****3432
1040,171****318
1041,m15****147
1042,185****3669
1043,E35****63
1044,花小甩de
1045,优美丫丫
1046,zeniahx
1047,大西瓜妞妞爸
1048,秋秋酱
1049,AndyCai
1050,Kevin
1051,足行天下
1052,118****381
1053,yymm1102rain
1054,zzvchi
1055,FranceyYingfifi
1056,qin****bc
1057,136****2554
1058,曾111
1059,siba喜巴
1060,thnn3624
1061,djqm4998
1062,程恋心
1063,月亮之子
1064,JackHaHaHa
1065,mebius851222
1066,享旅世界
1067,温泉雪人
1068,羊羊梦梦
1069,樊崽子
1070,小小旻
1071,E20****774
1072,麦子118
1073,M18****032
1074,_wb1****082
1075,M20****876
1076,毓曦
1077,206****885
1078,186****3626
1079,typ唐糖
1080,cd****ei
1081,BEBELOO
1082,M16****563
1083,E00****43
1084,150****3957
1085,M14****148
1086,purelifeme
1087,210****721
1088,小凉同学
1089,M17****750
1090,火活在此
1091,jessie2828
1092,lulustar
1093,乐海熊
1094,来电面具
1095,M13****071
1096,翎小
1097,HJINHUA7
1098,闲看日月
1099,ME_MORY
1100,The-walking-cat
1101,320****034
1102,王思慧
1103,desi123
1104,冲野
1105,妞V给大爷笑一个
1106,开心10000
1107,爱你11
1108,E43****47
1109,小影子12123嘿嘿
1110,赛巴斯酱
1111,怡莎
1112,_cs33****3071
1113,151****6081
1114,嚓肩踹
1115,na****i
1116,爱上717
1117,菠小菜爱睡觉
1118,M13578901
1119,calender
1120,心灵ZTZ
1121,上海音然
1122,M11****689
1123,清风如依
1124,余---
1125,一叶扁舟1968
1126,flashwordwy
1127,猪头修炼成的猫
1128,林妹儿的糖
1129,e30****52
1130,幻彩
1131,Oscar
1132,yykky
1133,wangjielucy
1134,行走于山水之间
1135,暗暗窃喜
1136,Nora
1137,御猫女王
1138,138****6837
1139,Lyy0107
1140,abccling
1141,syxx1226
1142,amo蛋
1143,1316241****
1144,203****192
1145,sasa猪
1146,hl****ol
1147,暗夜逍遥
1148,i游走的虎
1149,288****596
1150,shi****0923
1151,e38****94
1152,ReynoldHuang
1153,阿彩1983
1154,infinite金明洙余雯玲
1155,182****2732
1156,ml123456
1157,LULUMENG
1158,m83****85
1159,携程旅行顾问凤晓凰
1160,炒咸菜的小鹏子
1161,Darling-dyt
1162,毛驴卷心菜
1163,ZHANG七七
1164,Clonie12
1165,小地雷0817
1166,大黄力宏517
1167,宠爱一生3960
1168,漂流的木木
1169,PirateBrock
1170,WILLweikin
1171,清箨
1172,e67****25
1173,望月传说
1174,蜡笔大舅
1175,蓝木的旅行态度
1176,晴颜smile
1177,艾林彩
1178,大肚肚的小胖子
1179,清清维
1180,好斌斌
1181,四处行走的大熊
1182,签证保险顾问JIN
1183,Rock_ET
1184,子丘
1185,剑灵0628
1186,202****720
1187,deany伯爵
1188,小桃姑娘在路上
1189,兔子姐姐爱旅游
1190,Calvin在路上
1191,xiaoxiaoyun
1192,梦想走遍全球每一寸土…
1193,叶子飞刀
1194,Wings711
1195,chen****n1016
1196,携程旅行顾问晶彩baby
1197,denis天涯任我行
1198,selinna410
1199,hu****chi
1200,Olivia-晶晶
1201,Vicky薇薇的小幸福
1202,符芳伟
1203,s3****wei
1204,携程客服玩乐售前王夕…
1205,晓星ing
1206,神灵剑
1207,E11****79
1208,雪夜冰河
1209,e40****62
1210,akifaye
1211,Min小Dy
1212,210****627
1213,gigi小红帽
1214,风正一帆悬
1215,天涯海角gogo
1216,一一1010
1217,kiki-coco
1218,viki围棋
1219,糨糊的小R
1220,加勒比海的秋思
1221,蓝云轩
1222,fancaicai
1223,adazhao
1224,alecwu0403
1225,淡淡走天下
1226,用户39032
1227,无123456
1228,M61****997
1229,行走的迈克尔
1230,m41****88
1231,寂夜孤愁
1232,新肉上市
1233,神秘住客
1234,ff小胖
1235,什么叫昵称369369
1236,strike
1237,闲看庭前花开花落sunn…
1238,M26****9475
1239,麻麻爱甜馨
1240,虹口小赤佬
1241,高瑞麟
1242,旅行在路上的喵
1243,M15****345
1244,PiaoSu
1245,JOY7799
1246,我爱旅游yy
1247,caera-zhao
1248,taowensheng
1249,控控控-上ke控
1250,harper七七公主
1251,猫球球球球
1252,lisa
1253,M22****2516
1254,linlin
1255,萧萧白芷
1256,qunar_wangmeiyan
1257,玥亮
1258,慧慧zjh
1259,旅在行路
1260,M24****3885
1261,freewangyong
1262,PeterTAOWEIer
1263,小楼听西风
1264,王小柱是真疯了
1265,北侠西狂
1266,Craftsman80
1267,豪豪张HHZ
1268,M43****664
1269,野枫印象
1270,一木阿南
1271,M40****954
1272,野渡
1273,一只77仔
1274,yayahe
1275,小墩儿
1276,M39****307
1277,小小逆懿
1278,uofy5472
1279,茜Sicily
1280,奥特加米广爷
1281,漢江鴨鴨
1282,Dolphin871001
1283,fttjl
1284,客官你来la
1285,实叶熏
1286,krees嘉
1287,猪仔闯江湖
1288,V-_-V
1289,戎装赤子
1290,the_net
1291,琳达Linda琳达
1292,球总1234
1293,hicafe
1294,183****9002
1295,叶二yer
1296,粉红色的猴
1297,山在穷游
1298,泽明林辰琪
1299,清风明月照我还
1300,羊百驼
1301,Wonderful today
1302,Joewu23
1303,野生的皮皮卡
1304,GY悠然游
1305,Bobby-C
1306,淮河渔舟
1307,M22****5520
1308,ylp1011
1309,正月初六
1310,牛奶海
1311,蓓家温暖
1312,MGTI
1313,doctor0321
1314,特古西加尔巴来俊臣
1315,七月四月
1316,龟龟蔡
1317,浪里个浪狼
1318,有深度的旅行家
1319,mumu123321
1320,Crazy June
1321,M39****225
1322,远行-遇见你
1323,_CFT01****2753231
1324,我要去看世界呀
1325,kaiki
1326,lily的漫游时光
1327,cally_tiger
1328,湘阴王离
1329,天命之子
1330,??米米^_^^_^
1331,_WeCh****53597
1332,慕云啊
1333,熊猫的彩照
1334,瑜Lee
1335,清风明月
1336,天边角落
1337,小晓军
1338,风之子0727
1339,性感小野猫
1340,sm7609
1341,xc小小狐
1342,cs****gmi
1343,庞汝佳佳佳佳
1344,yikeyuning
1345,空空空
1346,e19****85
1347,Lt蓝藤
1348,Chanmaomi
1349,♂★♀
1350,her****un
1351,木子佳人
1352,cybill000
1353,M22****1515
1354,M42****824
1355,欣悦看景
1356,Tinker Bell
1357,M11****885
1358,老君山侠客
1359,黎明之前
1360,M42****700
1361,jackie75
1362,临水而立-持默
1363,qzuser@qq
1364,青青岛-
1365,东山路人
1366,乖乖女鼠阿囡
1367,M50****068
1368,sarah小piu
1369,神勇无敌fly猪
1370,287****384
1371,288****616
1372,M14****214
1373,189****5252
1374,漫步的星星
1375,爱上旅行淘淘爸
1376,littlemosquito
1377,D90****87
1378,邵思源
1379,杨胖子的小眼睛
1380,三十四号
1381,Ada陶子
1382,Iamis
1383,llwwchen
1384,吾是土豆泥
1385,小苹果花苑
1386,当地向导行er
1387,ninenice
1388,梅杜莎1999
1389,小鱼的狗子
1390,elephant001
1391,wnYYY
1392,天下第六
1393,ElephantD
1394,-小Y-
1395,三林一枝花
1396,springyunyun
1397,妮妮
1398,慵懒国王
1399,富龙
1400,m71****36
1401,201****760
1402,小胖子探员
1403,子羽kind
1404,M18****660
1405,1390169****
1406,M29****1262
1407,微言有信
1408,倾依落倾
1409,dsyliang
1410,此用户昵称待定
1411,Misty是大蒙
1412,286****031
1413,dinlh
1414,泉quan
1415,jack的旅行故事
1416,wei****ucy
1417,爱打盹的猫头鹰
1418,daiwei818
1419,魔女Amy
1420,滢萱
1421,Ling
1422,heidi11
1423,Grace_cyt
1424,lmnsdstjd
1425,董千化
1426,M18****401
1427,LIMUH
1428,很能打的峰哥
1429,Tovess_白紫橦
1430,Elaine Dong
1431,盆盆的盆
1432,lida163
1433,徐凯丽
1434,Sunny
1435,TracyT
1436,288****248
1437,wmyy
1438,y****i1
1439,快乐的紫馨
1440,12流浪ab稻草人
1441,水中涟漪9290
1442,清清1010
1443,300****302
1444,小野寺
1445,爱打喷嚏的小屁孩
1446,古哩古哩
1447,施林娜
1448,138****9247
1449,海洋主义
1450,mdvs1469
1451,tsuneko
1452,conan0829
1453,小P想奔跑
1454,泺玢
1455,千夜无眠
1456,205****855
1457,xx-hello
1458,阿里个忠
1459,云小鱼
1460,东方虚空
1461,M29****4895
1462,la****su
1463,Andy顾
1464,秒懂风景
1465,1862190****
1466,M41****305
1467,聪明的笨羊
1468,_HSA99****679314
1469,M34****6554
1470,hsiungfu
1471,四元钱
1472,320****398
1473,_M13****8397
1474,fenlaoma
1475,M26****9322
1476,cli****ong
1477,caoqh
1478,1391604****
1479,Angie-费
1480,_WeCh****290377
1481,让我离去
1482,Voilaaaaaaaa
1483,21****582
1484,彬彬有礼彬彬
1485,龙神皇陛下
1486,mgty
1487,110****970
1488,carrie102799
1489,luxiaoyan10
1490,133aaaaa
1491,妮妮8162
1492,桂媛
1493,叮咚598
1494,散落的玫瑰
1495,_CFT01****3758148
1496,三万七
1497,大牛大牛大牛大牛
1498,jessica
1499,沃尼奥尔茨沃什海吉宋…
1500,E59****500
1501,soupzer0
1502,101****961
1503,M26****782
1504,莫千斤
1505,M48****786
1506,206****552
1507,啊吖哇
1508,你像太阳一样闪耀
1509,lxf1987
1510,自由自在在
1511,_WB1****557
1512,村里的狗剩子
1513,香蕉妮妮
1514,aicy
1515,Jh4993
1516,无心快鱼
1517,麦田与风
1518,E14****864
1519,hanazhu
1520,300****925
1521,guan1510
1522,我是天才啊啊
1523,楠楠
1524,st-dolly
1525,曼珠紫泪
1526,WTF王启旻ITF
1527,li****fd
1528,hello陌生人
1529,Dandan1990
1530,雪雪xx1993
1531,smallheren
1532,wookon
1533,哈哈哈哈哈88888
1534,xia****v90
1535,meng62000
1536,_wb1****926
1537,Kat****hou
1538,sAviOr_07
1539,Lisa-cui
1540,Tracy023
1541,到处都是坑
1542,m94****35
1543,_spb40****3418924
1544,萍果悠悠
1545,kiss_nails
1546,ba****iye
1547,小海豚爱游游
1548,E13****18
1549,manman_
1550,郑小宝
1551,jenny晴天
1552,vovo123
1553,阿笨星
1554,豆豆的美梦
1555,素素兔
1556,爱到处玩的人
1557,Y甜甜圈Y
1558,135****0562
1559,300****697
1560,钱猫猫的乖老婆
1561,123zw
1562,suan****eng
1563,简单的车夫
1564,霜牧澄临
1565,黄子18
1566,祺祺妈妈qiqi
1567,kinki1203
1568,素时璟年
1569,12345688888888888888…
1570,平松叶子
1571,oO龍Oo
1572,sakukyo
1573,蓝颜-And知己
1574,E71****89
1575,110****370
1576,202****751
1577,唔知咩都唔知
1578,130****6280
1579,feifeixiaoxiao
1580,youuu
1581,q18259838544
1582,中耀
1583,~_~??
1584,鲁渝风情
1585,pinko酱
1586,ly****w
1587,清风明月9099
1588,小小丽DE大旅程
1589,乐_雯
1590,skyjazz
1591,ch****ung
1592,爱旅游的肥硕鼠
1593,CherryDing
1594,232****508
1595,啦啦AAA
1596,CC的观察日志
1597,Tohsakarin 333
1598,我到你那里
1599,118****812
1600,富龙哥
1601,少女徐半仙
1602,zjzysdp
1603,雪屏
1604,巧克力III
1605,风往北吹吹也白吹
1606,wall_paper
1607,小冬冬冬
1608,hao_king
1609,StevenDJR
1610,洋蓬
1611,大美女哟
1612,小猫的老家
1613,还在路上的人
1614,Vitawang
1615,沉淀幸福爱
1616,晓平雨菡
1617,快乐是永远
1618,PANGSHENGLIANG
1619,lustluke
1620,320****828
1621,110****990
1622,佳人59
1623,龙猫2018
1624,无奈的好人
1625,_WeCh****23424
1626,136****8170
1627,漫漫的鱼仔
1628,200****905
1629,h****rk
1630,晶晶
1631,M39****803
1632,M56****981
1633,M18****811
1634,M33****2738
1635,斯坦尼斯拉夫工藤
1636,131****1639
1637,飘香花茉莉
1638,樊樊一家人
1639,精彩佳琦
1640,阿忠向前冲
1641,210****966
1642,Linkesunyan
1643,阿金ajin
1644,zns123123
1645,da****sky
1646,138****2400
1647,M34****454
1648,聪聪508
1649,聪明的兔兔
1650,^_^小妞
1651,阿潘apan
1652,M23****7253
1653,300****221
1654,糖豆糖豆子
1655,M41****378
1656,Alexander__
1657,uz****z
1658,haishenfrank
1659,蓝月湖的缘
1660,_wf****316
1661,小小小兔兔兔
1662,熬夜修仙儿
1663,M33****0186
1664,_CFT****06733
1665,BFHYD
1666,Selinachiu
1667,billyxie伟
1668,M20****917
1669,ju700124
1670,Candy梅
1671,flanclin
1672,M24****1694
1673,M30****4566
1674,永晴-
1675,黄山夏侯渊
1676,南方暖流
1677,E49****96
1678,LYX1616
1679,海的女儿84
1680,ldpboy
1681,abrain
1682,yoodoo
1683,程携旅人
1684,M22****3611
1685,ywj301
1686,jeffen780307
1687,M32****7960
1688,hpzhyj
1689,爱的花蕾
1690,皓洁
1691,17****598
1692,木头J
1693,leywang
1694,_CFT01****5343376
1695,泡饭车车
1696,阿仙奴人
1697,yanggroup
1698,深蓝色的紫007
1699,110****163
1700,_m13****6795
1701,天间水边
1702,风飘飘向南吹
1703,梦旅人乐乐
1704,阳光下的牛
1705,静姌
1706,去布拉格流浪
1707,110****640
1708,JAVCAY
1709,Dnimer
1710,yy去旅行
1711,smilesmiles
1712,我觉得有必要
1713,yatyet
1714,flym790
1715,meng
1716,John_Yan
1717,王之号角
1718,二人之一
1719,大奔G
1720,M37****271
1721,M35****564
1722,202****895
1723,159****3693
1724,南岛西海岸淳于髡
1725,karlliao
1726,乖囡妈咪
1727,Wchzhn
1728,15****125
1729,小八辣子开会
1730,当地向导我是戴姐姐
1731,皮皮
1732,潇洒自由行
1733,娅娅01
1734,合hehe
1735,紫宸凝嫣
1736,小爬虫
1737,千里追风霜晴马
1738,楚辰Magnolia
1739,Vivian
1740,Jessigz
1741,菜刀婆
1742,11****881
1743,灰灰
1744,kklove
1745,云梦索尼亚
1746,AAAA
1747,_qcs1****2024
1748,娜娜酱945
1749,安琪的号角
1750,elephantxiang
1751,马儿
1752,233****033
1753,小小21
1754,原始森林
1755,浆糊杰杰
1756,205****267
1757,dolphinlemon
1758,猫111
1759,龙猫的私生子
1760,augustwuwing
1761,求美
1762,princessannie
1763,老虬
1764,wq567
1765,yanglish
1766,顺时针1986
1767,钱旋1
1768,leilei5
1769,微博白小告
1770,zmnq1955
1771,娟娟娟娟酱
1772,黄明剑
1773,武汉老龙
1774,自由的花爱吃柚子
1775,泡泡龙他爸
1776,ken在路上
1777,托托拉孔
1778,M46****845
1779,ecru_xixi
1780,pgco3480
1781,wendy_panwen
1782,劇终
1783,银沐helen
1784,M96****91
1785,老徐的世界观
1786,当地向导薇薇tracy
1787,大熊猫猪
1788,000000123456789
1789,高恩莱宾孟尝君
1790,Super大毛
1791,当地向导刘少
1792,海带飘香
1793,我带爸爸看世界
1794,麦田里的丝柏
1795,_钢丝球球
1796,Mr李洪宇
1797,旅行的馋猫
1798,莉莉菲LilyFay
1799,_M18****6959
1800,KarryWu
1801,四海翁
1802,瞎鼓捣
1803,_CH
1804,q5****wq0
1805,richardfwm
1806,周易恬
1807,JXB333
1808,beckyxuya
1809,小蘑菇阿咪
1810,有心跳的音乐
1811,sonicx
1812,薄荷蓝
1813,reginadeng
1814,一起蹦擦擦
1815,皮皮de爸爸
1816,慵懒的思念
1817,monica123123
1818,坎得路- -
1819,M12****192
1820,芭比娃娃1228
1821,feveanova
1822,M75****61
1823,大澳开门
1824,m 一yming
1825,旧爱鱼香肉丝
1826,勇猛十温柔
1827,一闪一闪晓亮亮
1828,Helen19878
1829,M45****438
1830,星小兔
1831,_M13****9109
1832,zyqsang
1833,MEOZQ
1834,bing
1835,svbz6498
1836,落绪纷飞
1837,1st大雄
1838,_WeCh****739497
1839,yhwccb
1840,allensu88
1841,102****033
1842,130****6097
1843,神传老祖
1844,lil****hu
1845,单眼皮的龙
1846,郭酱酱
1847,居士1755
1848,VinneyH
1849,M22****1463
1850,M30****1007
1851,118****045
1852,那年的我
1853,M27****0017
1854,M31****4870
1855,徐淦
1856,138****9393
1857,M50****733
1858,NickH
1859,M25****030
1860,M41****9176
1861,william12589
1862,M14****348
1863,288****650
1864,D28****405
1865,明月高楼
1866,深海迷踪
1867,M40****3039
1868,赢利之星
1869,黄豆
1870,lyt****ing
1871,ben871111
1872,M37****768
1873,_WeCh****242253
1874,木木倩彬彬
1875,荷花夫
1876,水生一克
1877,130****8868
1878,08****105
1879,wulli
1880,富福傅
1881,_WeCh****164092
1882,小黑皮狗
1883,M35****0687
1884,M38****6567
1885,世外桃源89
1886,M18****726
1887,SUN12999
1888,m200254
1889,johnny6
1890,脚安哪
1891,M28****793
1892,tedbaker33
1893,231****119
1894,zhangziye1981
1895,snowmantibet
1896,288****145
1897,anngdragon
1898,130****1598
1899,午后阳光
1900,E06****21
1901,周某某
1902,_YX1****729
1903,曼晴
1904,龙首山
1905,moremoretou
1906,M33****9462
1907,M34****986
1908,定海神针1号
1909,熊熊就是熊熊
1910,cecily麦麦
1911,小城的天很蓝
1912,黄俊江
1913,631****709
1914,201****772
1915,海上粉丝煲
1916,空谷足音168
1917,男男
1918,山不转水转
1919,M27****6704
1920,雨后梨花
1921,Adodo
1922,佳文宝宝
1923,110****340
1924,孝田
1925,Jiang_800831
1926,M11****724
1927,cici9090
1928,M53****251
1929,跳跳老爷
1930,M25****2971
1931,M23****7911
1932,阿卡拉尔里奥张汤
1933,vivienvivien
1934,108****328
1935,M59****405
1936,M43****644
1937,M19****066
1938,克拉奈佐左宗棠
1939,janeliu2019
1940,E22****7710
1941,ztliu
1942,M24****913
1943,宁静致远
1944,cjn817208
1945,201****181
1946,aloha
1947,蓝色星球的行者
1948,for****olf
1949,lynda_c12
1950,20062007
1951,M12****881
1952,christina08
1953,M57****461
1954,hiluoling
1955,暮色森林2012
1956,灵儿128
1957,288****594
1958,233****095
1959,9少
1960,周怀安
1961,cindy_cui
1962,圣安德鲁斯徐晃
1963,266****561
1964,163****323
1965,maoyi280
1966,达达和妮妮
1967,_cmb43****1077053
1968,yamiy
1969,pmxy2345
1970,nuaa_highway
1971,iJasper
1972,1029484208
1973,lifanfan
1974,niebiesky
1975,dddnn
1976,118****599
1977,不乐不归
1978,288****023
1979,夜满星空
1980,自在悦
1981,Heather
1982,弱弱的肉肉
1983,evfwe
1984,大脸猫-爱吃鱼
1985,m981119
1986,吴小兮
1987,随便弄弄
1988,不务正业书呆子
1989,Apple_Ping
1990,拍照莫腾腾的Alex
1991,zjp1701
1992,皮牙子
1993,小宝乖乖嚛
1994,驿站来客
1995,周一一小朋友
1996,from30c
1997,小胖鱼large
1998,洋葱般般侠
1999,Young198707
2000,WaNG4649
2001,朴树无华
2002,薄雾如纱
2003,可儿
2004,近视天下
2005,J-_-
2006,M14****894
2007,wen x l
2008,小佳佳啊啊啊
2009,水漫三楼
2010,暴走客
2011,剁手可耻
2012,M33****6152
2013,CescBing
2014,tl****11
2015,澧县宋江
2016,大钢棒
2017,我又来也
2018,288****389
2019,135****0416
2020,203****068
2021,M10****536
2022,288****887
2023,232****938
2024,M22****1046
2025,笠间市亚雅
2026,M34****3313
2027,wo****l
2028,_M13****1428
2029,求学不止
2030,boris
2031,M26****2549
2032,拿着麦克风的麦可
2033,170****651
2034,M20****111
2035,Benny86
2036,悠闲忠忠
2037,Rain小雨点
2038,马小洒
2039,118****152
2040,海客越人
2041,Wendy
2042,E22****8322
2043,m15****255
2044,东坡姓什么
2045,咩0o咩o0
2046,ann_j
2047,RickShi
2048,金果儿
2049,幻世幻灭
2050,213123123
2051,此红包已被抢完
2052,Super麦姐姐
2053,宇文拓
2054,jack_pan
2055,_喜裾_
2056,小白LittleWhite
2057,自闭的瓶子
2058,1Ring
2059,趁青游走
2060,想飞
2061,wander168
2062,180****6268
2063,环球旅行家神威
2064,Hillary
2065,朝露1975
2066,来者周国也
2067,刘倩文LQW
2068,蕊之木木
2069,xin****7022
2070,car****69
2071,猩猩知倪心
2072,白诗南23
2073,星光下的赵云
2074,菠萝kk
2075,这家伙很懒
2076,南非橙子
2077,e07****14
2078,兔子爱吃苹果
2079,miamia7
2080,M28****4210
2081,e****ye
2082,202****368
2083,bradytang
2084,皓蜀黍是个怪蜀黍
2085,朱媛媛
2086,135****1918
2087,hu****e
2088,懒月亮
2089,lee1117
2090,Silver111
2091,阿东WXD
2092,小燕子0415
2093,e14****94
2094,Park51518
2095,kobe家阿金
2096,vfeehnajjaygscs
2097,117****002
2098,206****556
2099,晓芸Anne
2100,_zx518****056329
2101,134****0975
2102,134****7382
2103,天天高兴8802
2104,M35****880
2105,与人为善有容乃大
2106,邂逅love相遇
2107,远方Martin
2108,Summer913
2109,徒步天下
2110,自由的米其林
2111,m76****81
2112,语诚
2113,foxue
2114,妮子
2115,_xcwx****56704
2116,D69****19
2117,海绵乖乖
2118,M11****847
2119,我也叫王思聪
2120,大大大婷婷子
2121,微风又起
2122,蒙葱亿
2123,zybzll
2124,m12****371
2125,骑马的小青龙
2126,M14****647
2127,m13****563
2128,159****1578
2129,139****9598
2130,137****1917
2131,136****4230
2132,初莫
2133,绿杨古溪边
2134,奇奇PG
2135,密码里藏着秘密
2136,山河七夕
2137,E29****74
2138,e74****08
2139,朱圆圆
2140,小小风沂
2141,忽悠小生
2142,心中女神
2143,圣王2
2144,小新2
2145,waphone
2146,神奇小猪
2147,鸿游君
2148,小妍麻麻
2149,Z小贤1
2150,酸奶妹纸
2151,flexible
2152,0小雪000
2153,qunar_wz3397
2154,vivian婷婷
2155,xjy427000
2156,sarah一直在路上
2157,泰迪小熊
2158,alex523
2159,qunar_bzywh
2160,katy616
2161,赵嘟嘟粑粑
2162,瓦拉斯周章
2163,Raul888
2164,Lucy
2165,阿弥心舞
2166,皮卡丘丘丘丘
2167,二舅
2168,picaboy
2169,zhouyanchongyan
2170,qunar_lichana
2171,150****6393
2172,shasha3107
2173,M32****883
2174,Mary_Kiky_Zhu
2175,泰宁根吴承恩
2176,菲诺芙岛伯颜
2177,alphasunjin
2178,旅行官的艺途视界
2179,临海三水甲天下
2180,大眼睛小盆友
2181,xiyoulinfeng
2182,M61****336
2183,M19****008
2184,野牛开荤
2185,坏熊
2186,Maryfan796
2187,人与自然和谐共处
2188,233****801
2189,天高云淡静
2190,_U3****8223
2191,HQJiang
2192,_CFT01****5048894
2193,M13****812
2194,135****9678
2195,你和我的我
2196,M18****126
2197,lufeiran
2198,118****374
2199,Captain Lee666
2200,京极町赵普
2201,E23****2921
2202,总爱自己折腾
2203,顾-顾
2204,xi****n45
2205,胖小梨子
2206,Maggieee_M_
2207,沃图阿王禹偁
2208,M10****922
2209,神丫丫丫
2210,M40****8491
2211,白灵
2212,134****4679
2213,M28****9801
2214,M48****629
2215,Sky L
2216,放你走好么
2217,MARKNNZZ
2218,lechen22
2219,哈哈哈有意思呀
2220,欢乐宋-999
2221,托里蒂拉雷纳太叔段
2222,D32****764
2223,M24****760
2224,astwhy
2225,M27****861
2226,太阳25
2227,顾家100
2228,_WeCh****421421
2229,我是一片云霞
2230,sevenatseven
2231,_WeCh****190177
2232,micky_5521
2233,M43****810
2234,SHUHAOHAO2008
2235,_WeCh****76687
2236,敬尔
2237,300****030
2238,205****961
2239,288****508
2240,Beryl虫儿飞LH7
2241,whyeve
2242,139****9875
2243,coco-j
2244,帅翻全场就是我
2245,不知道啥昵称好用
2246,E17****129
2247,_YX2****285
2248,筱筱
2249,M22****5479
2250,288****532
2251,willem_king
2252,jolin姐姐
2253,c****i5
2254,M97****41
2255,周羊羽
2256,M27****0471
2257,M24****0347
2258,andrew223
2259,M43****189
2260,shenyuanyinjie
2261,Calvin135900
2262,花与鹿2018
2263,Amy_zhang9
2264,Cita
2265,gczc9328
2266,crystal88
2267,66****779
2268,长腿学姐
2269,286****117
2270,西炊浦
2271,lting81
2272,a77****683
2273,135****7709
2274,UnicornZhou
2275,M30****6141
2276,路上的幸运者
2277,大猪游侠
2278,haha
2279,世纪末日
2280,云小木偶
2281,D26****491
2282,misslan_
2283,奥利奥和阿福
2284,生活就要多姿多彩
2285,风过初夏
2286,观复江江
2287,139****7939
2288,122****976
2289,m86****43
2290,吴的放夭
2291,288****817
2292,洋哥和妹妹
2293,雨中的蔷薇2005
2294,300****109
2295,M32****866
2296,晴天小猪比较2
2297,M11****150
2298,佐或佑
2299,行走的瘦五花
2300,Y1234567890
2301,139****6666
2302,M22****2921
2303,_CFT01****9405854
2304,就是爱游玩
2305,M68****88
2306,102****790
2307,luoye2019
2308,lala姚
2309,105****095
2310,Pandora80
2311,乐毅
2312,_CFT01****7726071
2313,sxx848
2314,童丽云
2315,朱噜噜1
2316,de****987
2317,紫藤紫心静
2318,迷恋水咲
2319,SingKay
2320,看地盘呀
2321,脚步丈量天涯
2322,WinningLeung6
2323,xu_sanmao
2324,109****038
2325,laji92454
2326,d36****08
2327,柯克哥
2328,雨丝风片
2329,tatareload
2330,童找找
2331,牧狗狗
2332,皮蛋瘦肉粥兔子
2333,小风
2334,如烟如雾
2335,团子大官人
2336,不期而遇的旅行
2337,155****2175
2338,夏天
2339,gege11
2340,细雨湿衣90
2341,baobeiduoduo
2342,M18****002
2343,阿拉伯酋长刘邦
2344,guanxin505
2345,高山流水兮
2346,海底光年
2347,俞-某某
2348,懦食嘛
2349,mamabaobao2010
2350,139****1893
2351,shirleyzhang1203
2352,陈海羊
2353,ZHANGWEIMING1200
2354,hyde
2355,288****689
2356,幽幽的天空
2357,_WeCh****214148
2358,zh****05
2359,D69****70
2360,139****2110
2361,Qwe2006
2362,三千客
2363,113****757
2364,caery
2365,118****336
2366,潇潇潇潇
2367,mac****121
2368,琪琪麻麻
2369,FRSS
2370,m15****243
2371,tb93058566
2372,koalanana
2373,ss****3
2374,方子凌
2375,Monkey丶Nan
2376,永远的尽头
2377,爱后殇
2378,QUEENIE577
2379,春暖花开丶
2380,唐小强_
2381,潘潘1
2382,iflyinbluesky
2383,孤羽紫妍
2384,_CFT01****6967682
2385,青翼蝠王
2386,109****708
2387,抹茶牛轧糖
2388,e****07
2389,66****077
2390,悦游君
2391,自由女神Min
2392,歪老虎
2393,yangnizi
2394,qzcg5275
2395,肥肥安大王
2396,凯文叔叔的马甲
2397,自由的小米
2398,自由飞翔84
2399,00****753
2400,鱼鱼_fish
2401,我是米总
2402,小玲儿大连
2403,南征北战
2404,60****969
2405,小倩倩520
2406,e65****17
2407,圣仆
2408,宝仔他爸
2409,陈咚咚
2410,小路萍子
2411,61****707
2412,漫游山水
2413,Ace_LA
2414,231****863
2415,530057681
2416,52****978
2417,人在江湖浪迹天涯无怨…
2418,之昂
2419,久闻jowen
2420,M32****8645
2421,dddyuan
2422,_WeCh****51330
2423,SummerPan
2424,゛余生-Yasir
2425,很酷小姐
2426,E44****23
2427,HFHR2013
2428,行者晓畅
2429,风里密码117
2430,张敏oreo
2431,286****958
2432,137****9240
2433,acay
2434,gaigai1234
2435,70后奶爸
2436,强强游人
2437,元小姐
2438,乌龙茶0706
2439,兔兔200
2440,Tracy_lele914
2441,M22****9555
2442,传奇贝贝哥
2443,Steven
2444,精灵背包游侠
2445,133****1988
2446,水木蜜瓜桃
2447,sq****ope
2448,James李1972
2449,法漾漾
2450,sunder1973
2451,135****5248
2452,crackers
2453,eastplay
2454,豆爸516
2455,dwj-
2456,139****2760
2457,huigegeyufugege
2458,linda
2459,qunar_halonajialangd3300
2460,卢锡奂
2461,Garyzhuang
2462,qunar_qx314567639
2463,octopus27
2464,lpf1314258
2465,妞妞的姐姐7818
2466,ddlp
2467,篱斋堂主
2468,GONGMEIXI
2469,HEFANG566
2470,ljswg168
2471,M48****050
2472,卸儿
2473,zh****921
2474,侯鸟
2475,qiqi1015
2476,lanfen
2477,卡_卡卡西
2478,米老师
2479,qqccaa
2480,华-Rainbow
2481,e15****56
2482,是太好了
2483,卡利亚诺李春
2484,M16****760
2485,沫沫forever
2486,ueign
2487,m87****25
2488,wang901015
2489,hello猪
2490,Seal_Chan
2491,垃圾攻略**造
2492,天空下着雨哈哈哈
2493,小新星
2494,孙大狮子
2495,我是拖鞋
2496,dabai513
2497,王小美滋滋
2498,虚侠客
2499,风随心动1976
2500,Sammy0618
2501,土屋
2502,Nancy-H
2503,201****358
2504,老头梆
2505,skylingyun
2506,瑞典克莉丝
2507,陈宏云0202
2508,g0201288
2509,kiritong
2510,la****aer
2511,雨过添情意
2512,lorena93
2513,pfye七七
2514,袁女士2016
2515,m17****990
2516,晓稀01
2517,vanews
2518,卜小琰是个小小旅行家
2519,青韵若赜
2520,320****305
2521,jack的天空
2522,231****260
2523,M23****658
2524,139****5116
2525,心之所向素履也往
2526,Wilson1989
2527,137****7008
2528,Double fly
2529,快乐宝马
2530,新角里
2531,lami1225
2532,E34****69
2533,Patience_han
2534,宝宝010
2535,baoni111
2536,yuikoike223
2537,carromy
2538,xiapingZH
2539,jy314
2540,FannRice
2541,用户3300226
2542,_WeCh****318037
2543,追求218
2544,江宝江宝
2545,M37****6200
2546,M22****4225
2547,m65****37
2548,mun****983
2549,M20****274
2550,011237131
2551,旅行的杨叔
2552,糯米团子lemon
2553,感智中国
2554,小元元麻麻
2555,Vicky  Yuan
2556,kentyangor
2557,189****4351
2558,喝完可乐就去拯救世界
2559,维堡刘启
2560,M15****945
2561,139****8404
2562,U44658****026603
2563,M27****6444
2564,118****813
2565,_WeCh****66082
2566,abcjohnny
2567,灯宁驿站
2568,rosemao1798
2569,韩俊佐
2570,朝阳区工体北路
2571,quinchen
2572,开心stace
2573,eyedream
2574,旅游是为了品质
2575,xuw****sa
2576,Allsuccess
2577,32楼的牛仔妈
2578,花叔叔
2579,Kin Yee
2580,_cft01****6373544
2581,lisa-j
2582,漫步路上
2583,kevinzhao888
2584,288****505
2585,138****7064
2586,_cs48****8098
2587,320****862
2588,TOM1360354****
2589,卡佩拉柳宗元
2590,yaoxiayvle
2591,加油吧旅游
2592,_WeCh****53397
2593,118****637
2594,M39****227
2595,M46****334
2596,M53****053
2597,Joshua2015
2598,tongyi0216
2599,E34****99
2600,许卿
2601,食行僧
2602,qunar_shlomit1140
2603,139****4022
2604,9181艾尔娃
2605,_PN010****04392
2606,阿福呀
2607,e02****18
2608,E45****517
2609,高iris5
2610,duod****oxi
2611,liujiemd
2612,lqf1214
2613,假纯-jyy
2614,M92****95
2615,佳猫喵呜
2616,320****096
2617,华炜晟
2618,开开心心过大年呐
2619,曦雪
2620,王立HR
2621,潇潇兮
2622,OREOzmmm
2623,竹林深处zl
2624,ffyyjjll
2625,MISS叶
2626,h000000
2627,139****8789
2628,靓妹别太拽
2629,shtina
2630,乔乔妈咪
2631,喜欢向日葵的小噜噜
2632,michelless
2633,森旅
2634,微微一行
2635,kljv9422
2636,vjxx6426
2637,无味0220
2638,与世无争的老实人
2639,cjcmyili
2640,狮子也寂寞
2641,M53****543
2642,侯天宇
2643,LeungCheer
2644,tri****bler
2645,平江
2646,荷花娘娘
2647,69****850
2648,maru爱旅行
2649,能动
2650,zzwkevin
2651,鑫鑫萌萌
2652,ykksh****uang
2653,麦兜兜风
2654,M38****6017
2655,M11****767
2656,个性文哥
2657,BravoTraveller
2658,咩咩叔叔
2659,M27****5267
2660,cheng-pla
2661,cqlike
2662,孤城旧梦伊人
2663,_WeCh****016202
2664,M13****553
2665,大果子麻麻麻
2666,M32****380
2667,M28****523
2668,_U4****5509
2669,M15****920
2670,糖果丅
2671,风中留影
2672,点点爸爸妈妈
2673,changstar
2674,zl瑞丰
2675,M57****291
2676,M32****495
2677,_cs68****0724
2678,M40****003
2679,M18****368
2680,M49****753
2681,克查赫葛列格里
2682,m42****73
2683,288****964
2684,小幸运33
2685,00****831
2686,robbet
2687,M22****4387
2688,667667667
2689,初级高高手
2690,M31****913
2691,120****269
2692,Nancy
2693,E08****83
2694,跑得快
2695,M18****613
2696,E22****3726
2697,_WeCh****75203
2698,sunnycccc
2699,锋临天下
2700,136****0352
2701,M61****763
2702,声入人心
2703,farmer刘
2704,200****888
2705,angle芹
2706,丫丫yydaz
2707,紫依慢游
2708,Jackie11
2709,猪猪417
2710,高家小爷
2711,1590198****
2712,Mrs猪
2713,一语苍茫
2714,FLCAL
2715,JEML
2716,m75****38
2717,微暖亦凉
2718,谌默默
2719,团子_July
2720,安娜奇奇
2721,M31****518
2722,grobb
2723,junjun11
2724,_ceai****5795
2725,300****749
2726,Lorry219
2727,麦田守护
2728,天下之大包罗万象
2729,百晓兔
2730,135****1819
2731,超越傳统
2732,88****057
2733,琳尐妖
2734,自在行
2735,bestlovetata
2736,mark在路上
2737,猪头睿
2738,灵清
2739,浮士德
2740,286****442
2741,qing_dou
2742,简单框架
2743,薄荷羊羊羊
2744,cindy小白
2745,雨后屋檐外的彩虹
2746,小二B日月
2747,麦兜小胖子
2748,M10****707
2749,喔哟哟-树
2750,M39****11
2751,兔宝敏敏
2752,签证保险顾问蜂蜜柚子…
2753,我们的俊杰
2754,蓝色雨526
2755,CATHYHJY
2756,九妹九妹啦啦啦
2757,淘气素素
2758,游游MVP
2759,nonono_ustc
2760,25310520
2761,coolgirl
2762,26206513
2763,ya****n30
2764,streetguest
2765,鱼刺鱼刺
2766,清哎滴
2767,姐装不出淑女范儿
2768,不逗
2769,ckeey
2770,大狮兄
2771,leann黑饼饼
2772,风现苍
2773,龙猪妈妈
2774,恋恋北极星
2775,沉默的老许
2776,-宝宝-
2777,眼睛就是照相机
2778,洁Jennie
2779,泥诗罡乱
2780,淡泊2012
2781,Oo陛下oO
2782,okabc
2783,咩咩
2784,背包客nic
2785,敏弟1211
2786,颖YZ子
2787,Sally墨雪
2788,虞国钧
2789,轶凡旅行社周浩
2790,蛋糕超人
2791,sup****33
2792,M26****3060
2793,钟灵毓秀爱跳舞
2794,安静
2795,M39****055
2796,M36****8430
2797,M22****2770
2798,M31****5358
2799,胸怀宸宇
2800,M28****354
2801,善其身
2802,心随风而飞
2803,布伦亨唐赛儿
2804,Simmo
2805,chengcm
2806,luckynewstar
2807,106****866
2808,Leo爱旅行
2809,meteorakira
2810,布丸子
2811,一壁江山
2812,M24****3385
2813,林煊
2814,冷暖自知天下游
2815,_WeCh****217550
2816,Dandyci
2817,game**
2818,OREE
2819,卢老师138
2820,扎布米娅
2821,SMARTSENS
2822,fengwang1975
2823,JayJoe79
2824,meren
2825,白老郡嵇康
2826,小宝爸爸Tony
2827,csgp
2828,兜风的少年
2829,风飘飘向北吹
2830,怡然自得oy
2831,小雯子_xww
2832,159****8305
2833,清风
2834,e33****44
2835,288****787
2836,E22****0635
2837,davykai
2838,Rina_Zhang
2839,小肥象
2840,m13****549
2841,老夏999
2842,芝麻开花vera
2843,zl****1
2844,巴扎黑嘿嘿嘿嘿
2845,小丫颖3
2846,superjackie
2847,猫猫在旅行
2848,翱游sky
2849,jeremy8688
2850,rac****123
2851,@零点_Eric
2852,E56****564
2853,库塞特梦青
2854,151****3359
2855,138****7560
2856,che****owen
2857,Wayne
2858,shw****ne
2859,229762980
2860,陆小凤
2861,布莱克比格
2862,dwis0845
2863,coolfox8
2864,118****615
2865,泼皮牛二
2866,天下银雨
2867,_M13****6133
2868,宁静沙滩
2869,fensisish
2870,Tinnnnny
2871,饭团儿
2872,PonyCat
2873,lovekatie
2874,M23****5834
2875,ron****xj
2876,vol****er
2877,东问西问
2878,王大发定发
2879,chen****279
2880,石头大大大
2881,puppylove82
2882,伊恩007
2883,230****156
2884,心甘情愿被俘的熊
2885,baobei1990
2886,屌丝狮
2887,吴耳环
2888,文由心生听涌泉
2889,b****ku
2890,晨钟暮鼓712
2891,携程旅行顾问小丫丫
2892,kimli
2893,啤啤蛇
2894,M31****914
2895,莫水
2896,_wb1****111
2897,E11****72
2898,M47****936
2899,特鲁卡那拉特宁成
2900,9岁点点的妈妈
2901,文文zg
2902,vivianxu1105
2903,MissRein
2904,_WB6****555
2905,kelly
2906,一 生 何 求
2907,伟人哥
2908,为爱痴狂qq
2909,居士9466
2910,M22****8676
2911,M27****1920
2912,130****9683
2913,M29****6018
2914,M44****249
2915,E55****021
2916,凡人曲
2917,果儿
2918,M29****5993
2919,飘在广州
2920,_WeCh****134760
2921,139****8876
2922,大雷子爷
2923,M26****893
2924,牡丹
2925,san****ang
2926,老童
2927,粉红兔子
2928,cyq2013
2929,xuzhenxin
2930,Yancy99
2931,良柄
2932,kristy313
2933,qunar_frostyapple
2934,M24****494
2935,六条壬晴
2936,波波糖
2937,M15****881
2938,芳芳330
2939,daidai对对
2940,M24****276
2941,星辰夏洛蒂
2942,si****58
2943,jadenano
2944,E10****235
2945,Sweetlouie
2946,e01****99
2947,迎园小区
2948,_CFT01****4005118
2949,pnppy lilo
2950,香水百合amy
2951,陆建新1
2952,dahongci
2953,窨子山人
2954,Sam_sh
2955,M35****391
2956,超哥游世界
2957,zcl123cf
2958,ag****h
2959,三月里的阳光14
2960,M37****287
2961,流狼0123
2962,nyn216
2963,139****1032
2964,弥勒佛仔仔
2965,Wind777s
2966,e47****66
2967,M22****5044
2968,随心所欲的逛
2969,M31****428
2970,ann****mlp
2971,M23****3130
2972,M46****362
2973,李宛书
2974,菜米油盐酱醋茶
2975,206****159
2976,观复江江2017
2977,刘昊锐锐
2978,zha****i502
2979,白的赛煤球
2980,M35****669
2981,nnnnnnnnnmmm
2982,淮安阡陌
2983,118****108
2984,M16****311
2985,_CFT01****1503043
2986,西域侠客
2987,ZX张老五
2988,happy溪
2989,M21****011
2990,gaomeimei
2991,qunar_myint1033
2992,侬好-朋友
2993,qunar_peiran3
2994,自来水自来
2995,大智若愚LV
2996,静静的看
2997,vvvv
2998,xiongjie77
2999,阿平0001
3000,紫晶洞
3001,sylp6842
3002,rtdj4363
3003,ruth68
3004,豌豆豆
3005,阿拉丹神丹
3006,上海大不自多
3007,ebichu
3008,ccjccj
3009,tracy
3010,_M13****7062
3011,达灵顿伯颜
3012,1974虎
3013,悠悠frank
3014,蛋蛋姐姐biubiu
3015,coc****u120
3016,zsycloud2001
3017,紫叶小屋
3018,e02****03
3019,钻石心
3020,e17****17
3021,Grace
3022,selina6666
3023,frankchunrong
3024,崔英俏
3025,nuaa_lee
3026,sam****c00
3027,紫贝壳紫贝壳
3028,na****806
3029,M39****918
3030,320****065
3031,奈良先森
3032,阿楠76
3033,尹建文
3034,遊RyanChang
3035,zo****mes
3036,yesuan
3037,大写人
3038,vv小胡柚
3039,268****647
3040,M12****433
3041,152****6256
3042,燕子
3043,C上好佳
3044,做发财梦的猪
3045,135****1139
3046,婀娜走天涯
3047,非女孩
3048,吉黑得的运气
3049,an****don
3050,qians
3051,万锦谢玄
3052,163****795
3053,M13****416
3054,D02****77
3055,_wb1****591
3056,sardegna
3057,花生咪love闹小闹
3058,散步的猫胖胖
3059,霞光升起
3060,137****3856
3061,兔爷阿桂
3062,zzqhit
3063,追青蛙
3064,poaj2874
3065,得亦安然
3066,300****485
3067,fei_ye
3068,足球是方的
3069,遇见值得怀念
3070,蓝色悠恋
3071,katmin
3072,288****863
3073,kayi527
3074,小眼镜张
3075,mssss
3076,182****4720
3077,130****8573
3078,隔壁巷子的王胖子
3079,nekosummer
3080,runner_xu
3081,M23****5583
3082,吾兮永
3083,好风暖云
3084,windycare
3085,176231abc
3086,e10****575
3087,暖暖
3088,格格
3089,soldiermaque
3090,uysk5529
3091,Leomei1129
3092,VankeC
3093,YOYO13
3094,嘟妈yuki
3095,永不言败VS
3096,yq****sie
3097,蝶依1977
3098,lvegoma
3099,小小
3100,unjt5303
3101,lcwaihqq
3102,调个锤子情
3103,哐哐哐
3104,设个昵称hoho
3105,桔子
3106,你已被人使用
3107,LeanMaster
3108,清沁逸
3109,wangjg516
3110,duddhr521
3111,linda小新
3112,7418
3113,蓓蓓98
3114,爱神靠谱
3115,qibozhou
3116,Julia-xiao
3117,城中漫步
3118,pcwater
3119,voegel
3120,geyaping
3121,Enan22
3122,x****r
3123,哈尔滨鹏程万里
3124,136****8573
3125,M35****5739
3126,潘先生2018
3127,居士6901
3128,蓝天白云0123
3129,云子如风
3130,yczcn
3131,大老陈陈
3132,_WeCh****381629
3133,136****3480
3134,好帅0220
3135,M20****332
3136,118****053
3137,M39****0148
3138,_WeCh****3752
3139,灿烂阳光普照
3140,M27****3815
3141,M63****51
3142,xwbwx
3143,马尔米罗洛乾隆
3144,M38****543
3145,前后左右草莓
3146,杨柳轻扬
3147,renzhenxiang
3148,118****050
3149,201****683
3150,288****110
3151,乐乐乐康康
3152,M15****854
3153,you55
3154,披集府司马懿
3155,绿轴的空格
3156,121****282
3157,M26****103
3158,番茄土豆阿土
3159,_CFT01****7270960
3160,wush
3161,小魅力蘑菇
3162,海大椰子树
3163,d11****92
3164,206****089
3165,车行天下
3166,随云看世界
3167,285****834
3168,雨点小
3169,M13****598
3170,E26****60
3171,把剑长歌
3172,月亮我弄圆
3173,超级兔皇后
3174,肥土豆丝
3175,M67****84
3176,M41****016
3177,金泰映
3178,118****597
3179,M37****9726
3180,DUPPA
3181,giggsy_118
3182,Christy
3183,吴学东
3184,浪漫雨季WNQ
3185,M23****0036
3186,行走在路上的小牙儿
3187,M26****237
3188,_WeCh****051469
3189,E22****8934
3190,尘埃霖落
3191,吃货爱驴游
3192,卡卡酱不存在
3193,Tiger_1962
3194,daoch****guang
3195,M42****342
3196,tommy1979
3197,欢腾668
3198,开学又幸福
3199,zgp369
3200,琪琪
3201,小玩仔88
3202,M58236547
3203,三重郡施文庆
3204,_CFT0****8678
3205,微行四方
3206,M30****937
3207,M22****6146
3208,gdghjggjvhjg9889989
3209,Max6688
3210,M60****149
3211,讷瑞达苻坚
3212,201****073
3213,索嘚邴
3214,_CFT01****1142049
3215,york88
3216,E43****81
3217,Lisatyou
3218,飞虎队吕岩
3219,M39****153
3220,08****992
3221,zq_jyf
3222,ZBYH
3223,ppsure
3224,铨上风满楼
3225,afly32
3226,288****956
3227,宇宙_洪荒
3228,ms****16
3229,grass426526
3230,LamuTe
3231,bxx97
3232,鱼和尚
3233,wuming081
3234,龙笑天0302
3235,陈伊桑
3236,_WeCh****479855
3237,爱吃海鲜的兔妈
3238,magic_dlf
3239,sh石头
3240,pangulove001
3241,朝朝暮暮朝朝暮暮
3242,鹄立头
3243,Sonia
3244,ianyyy
3245,Emily
3246,D19****086
3247,shwhq54
3248,m10****31
3249,幽静一隅
3250,沙漠里的赤裸裸
3251,yearcc
3252,tory102
3253,嘉仔仔
3254,sd****18
3255,最棒最棒的坤坤
3256,Mustart
3257,王子劲风
3258,北部-加来海峡大区方…
3259,M23****1937
3260,M36****355
3261,纸的世界
3262,_cft01****0470125
3263,大头yang
3264,_M18****9821
3265,花瓣-puyuan
3266,M27****0619
3267,苏拉特拓跋焘
3268,123456abc
3269,134****3688
3270,ye_q7
3271,E156546642635
3272,宠爱风间苍月
3273,_yt5****926
3274,silberstein
3275,旅行-增添生活色彩
3276,丹心照汗青Austin
3277,m21****81
3278,Rita初心不负
3279,stwwei
3280,蓝色云
3281,_WB1****546
3282,Bear1WLV
3283,小璐璐的小妈妈
3284,dbawxm
3285,vivi
3286,Mandy芮
3287,宽心
3288,kitty
3289,浅韵淡心
3290,dayu222
3291,M15****754
3292,M22****8647
3293,火麒麟
3294,203****800
3295,M23****8353
3296,M26****354
3297,132****0205
3298,prida001
3299,E12****71
3300,我爱丫头
3301,M33****664
3302,_CFT01****6088505
3303,胡人勇
3304,feimanfei
3305,老男孩大叔
3306,kqsak47
3307,九月的早晨
3308,心在途步
3309,qunar_chek8990
3310,138****0212
3311,205****619
3312,joyeuse
3313,haiqingzhao
3314,柠檬茶女孩
3315,dafuleelee
3316,远远的愿
3317,76****238
3318,Jordan
3319,180cm18cm
3320,洛神花开
3321,yeye子
3322,小猴纸的老公
3323,emchali
3324,kinloon
3325,189****5101
3326,M23****1184
3327,M34****285
3328,茂茂
3329,李小妖
3330,dnx66
3331,笑看风云
3332,走过路过都是经过
3333,Cl-Cl
3334,和迪和迪
3335,benm4
3336,288****681
3337,153****6671
3338,轻舟短棹
3339,唉赛俄
3340,坚持到底胜利
3341,yueyuehaoyun
3342,_WeCh****206533
3343,LC蓝色星空
3344,小样
3345,thy月
3346,m33****9827
3347,馨悦2006
3348,haoxin61
3349,133****3671
3350,210****063
3351,米粒米粒米粒
3352,288****514
3353,meizi7950
3354,mr上善若水
3355,e15****03
3356,D61****52
3357,M31****324
3358,忽而今夏
3359,M12****177
3360,米特纳尔杨玉环
3361,meimei2
3362,139****2025
3363,M22****4827
3364,M22****6319
3365,136****4875
3366,230****719
3367,M23****450
3368,E52****83
3369,拙子
3370,渐行渐近1
3371,enan21
3372,新城之光
3373,wanbaiguli
3374,埋埋埋了
3375,kankan1976
3376,139****9592
3377,菲豆寻梦
3378,chen_baby
3379,_WeCh****594323
3380,doridoris啦啦啦
3381,老公
3382,有颗童心
3383,E18****097
3384,Elane_Han
3385,凤言峰语
3386,kbjn72
3387,leaonamanda
3388,M34****3994
3389,哥曾经也是小鲜肉
3390,马尔茨灵颍考叔
3391,_wb1****777
3392,zlt53659988
3393,翟海勇周雯瑾
3394,yaya7570cn
3395,trueas
3396,欣怡欣怡欣怡
3397,徐海纲
3398,沐沐汎
3399,y氧气
3400,_wech****637623
3401,2dudu
3402,kevin
3403,昵称不能空白
3404,huajji
3405,_WeCh****031201
3406,lmj9889
3407,M25****0424
3408,M49****984
3409,320****850
3410,叮当
3411,_CFT01****5783310
3412,魔方咖啡
3413,CTink
3414,shwanglei
3415,啦啦啦啦啦Duang
3416,M24****6487
3417,福来1899
3418,m12****924
3419,智明春
3420,xzhf1867
3421,dongkk
3422,开心懒猪猪
3423,M43****908
3424,_WeCh****716085
3425,M45****880
3426,M22****8561
3427,gjm521
3428,生活一点H92888881
3429,_CFT01****3348210
3430,珺临天下
3431,臭虫小飞飞
3432,shenlanxingyu
3433,chenyong24
3434,拍吃旅游大惊小怪
3435,136****7850
3436,montagna
3437,288****815
3438,206****619
3439,时光无声8171
3440,M22****856
3441,米粒loveyou
3442,厚德载物and自强不息
3443,白天不懂夜的黑my
3444,天国的记忆
3445,139****1896
3446,money
3447,水雼清扬
3448,M24****239
3449,iwangjia
3450,M28****6106
3451,M23****9726
3452,139****8186
3453,我家大胖丫
3454,_U4****8336
3455,158****7973
3456,基蒂阮籍
3457,AMG-G65
3458,sisi-929
3459,M14****807
3460,清风明月456
3461,笑傲江湖258
3462,jessicacqx
3463,崇熙
3464,关西达人
3465,E17****43
3466,做个旅行派
3467,温柔的鳄鱼
3468,E23****6667
3469,M32****0622
3470,M41****8870
3471,M30****6134
3472,作死小能手__
3473,dingverne
3474,chilam80
3475,M55****877
3476,三点了
3477,giggsfzj
3478,M31****5377
3479,_WeCh****661832
3480,游遍全世界-123
3481,姬淑红
3482,沧海一声啸123
3483,bty1
3484,葛洪炼丹
3485,M26****682
3486,下雨了下大雨了
3487,爱月亮的太阳
3488,毛毛妈w
3489,菜菜八
3490,一个岛民
3491,M37****8280
3492,空格账号
3493,和气郡凯凯
3494,FireKEN
3495,M24****7917
3496,一只颗猫
3497,baincun
3498,yueyingpiao
3499,M37****712
3500,張達
3501,雨云007yuyun
3502,300****482
3503,璀璨如花
3504,英雄马
3505,史憬
3506,rikeydk
3507,qw****yc
3508,大盗阿飞
3509,missvenus
3510,320****709
3511,四空摘心
3512,M23****2578
3513,君君大专家
3514,150****0688
3515,77****287
3516,游在这方天地
3517,_dai
3518,Heliosc
3519,M39****139
3520,神仙浪子
3521,liwenjia
3522,庆敏
3523,欧妮雅雅88
3524,M23****9323
3525,TONGCHENG_USER
3526,艾罗洛扬雄
3527,阳阳否
3528,凭什么飞
3529,彭废废VIP
3530,widdy5555
